id,timestamp,side,price,value_usd,signal_score,confidence,rsi,vwap,order_id,status
367,2026-02-24 15:52:57,SHORT,0.325,4.199999999999999,-2.7,0.54,0.1,0.4985149863760185,0xd51ad384e304d1f46c5c69da22fc4e86ea660f02607854a4334461f0932fb600,posted
366,2026-02-24 15:51:30,SHORT,0.325,4.199999999999999,-2.7973623191201415,0.5594724638240283,0.1,0.49867272727272394,0xb4aabee848a49e1a1f985c23995a742f4d347f8130075e4b2ce045d6ff37fb63,posted
365,2026-02-24 15:42:44,SHORT,0.365,3.96,-2.5266873708001008,0.5053374741600202,0.1,0.49637688442210887,0xa7f4317ef12758baf2a2fdedd947b780c3a6318775cd0024d72753057e2f6d14,posted
364,2026-02-24 15:41:16,SHORT,0.365,3.96,-2.9854658619876013,0.5970931723975202,0.1,0.4966414904330295,0xbef8fe951bbb4ec00da126fc9bbf93b559f738f521beebb41ccf111a87cea1e8,posted
363,2026-02-24 15:39:53,SHORT,0.365,3.96,-3.226687370800101,0.6453374741600202,0.1,0.49677419354838537,0xc0184bfe8714a0badcd58a86bd95b25456d612dba15ffe4967459fc492a52c1e,posted
362,2026-02-24 15:25:52,SHORT,0.225,4.800000000000001,-3.6000000000000005,0.7200000000000001,0.1,0.4996246973365599,0x495a6ac9c16e6dcfb9b4a1c0908d52ecae0661d3b8c225b6a9c469b5c0ef5693,posted
361,2026-02-24 15:24:18,SHORT,0.225,4.800000000000001,-2.7,0.54,0.1,0.500625759416766,0xd360a723d244c2fda201ea4fa034a5e4563363578c35c867a03a237b47cf4306,posted
360,2026-02-24 15:22:53,SHORT,0.225,4.800000000000001,-2.7,0.54,0.1,0.5009610705596087,0xd92f4b13f360d36b94b47b0f7329de11270b8e219ac16d9f0bc3655a886d87cc,posted
359,2026-02-24 15:21:30,SHORT,0.425,3.54,-2.898915126393387,0.5797830252786774,0.1,0.5012971985383659,0x35680f7a8d8b413c29fadf7f8a6ebdcfba376905a39541ea6ebb00c776c7e823,posted
358,2026-02-24 15:20:06,SHORT,0.425,3.54,-3.598915126393387,0.7197830252786774,0.1,0.501390243902437,0xc75cc10078b2177d2aa3d471a78c5f64ad8ed53a100644e87144fd579d5ad66c,posted
357,2026-02-24 15:18:40,SHORT,0.425,3.54,-3.727566597760054,0.7455133195520107,0.1,0.5014835164835144,0x71f4eefa06a386b9102fd7530d61798905e2f8038c7d4e5c085c283869340224,posted
356,2026-02-24 14:57:28,SHORT,0.325,4.199999999999999,-3.6000000000000005,0.7200000000000001,0.1,0.5008983666061688,0xd130e80cf0ba564c73ba6c8fecec3eccc51303a21865c37f10804f02dd144ed1,posted
355,2026-02-24 14:56:05,SHORT,0.325,4.199999999999999,-3.6000000000000005,0.7200000000000001,0.1,0.5012181818181801,0x992a4f926b76f37f64cd5ad268f41debae092da4d9f7abd1461a31f8981e2903,posted
354,2026-02-24 14:54:43,SHORT,0.325,4.199999999999999,-3.6000000000000005,0.7200000000000001,0.1,0.5015391621129309,0x1cd7b23ee0633ccedc324c25965bbb799c80a13b6ec44c89476d0c60ce5d1dc4,posted
353,2026-02-24 14:53:12,SHORT,0.325,4.199999999999999,-2.897830252786775,0.579566050557355,0.1,0.5025091575091558,0x2d916ec1957d5db9598c1b4770ce54d4c62bf7ac22999298e1b8277bb0744608,posted
352,2026-02-24 14:51:50,SHORT,0.325,4.199999999999999,-3.155133195520108,0.6310266391040216,0.1,0.5028348623853195,0xf5ccd2e667a70865646629fb79fb90531ee7afdea63f009d614168aad7d85b25,posted
351,2026-02-24 12:57:31,SHORT,0.46,3.3600000000000003,-3.9780062112400305,0.7956012422480061,0.1,0.5280580357142869,0x4753b2e69c3abd02f2b286c7e28187953ecc0929852921995531cbeeb64797a0,posted
350,2026-02-24 12:45:06,SHORT,0.525,3.34,-4.197362319120142,0.8394724638240284,63.793103448275865,0.535470588235297,0x156d4c90eac6e547af67d2e253e0be4324d39675a6cfbc0f5dee09515bcbfe05,posted
349,2026-02-24 12:36:21,SHORT,0.275,4.4399999999999995,-2.7,0.54,0.1,0.5624125874125894,0xb897b5d37e58c371a736c9d6256837b53778fa1c37aa4002c7193d82faf3561f,posted
348,2026-02-24 12:30:04,SHORT,0.525,3.0,-2.7,0.54,4.255319148936181,0.574550898203593,0x44a08e7963b310752a30b759849a43c89cd0998a6cdf4948a6c5206a09653917,posted
347,2026-02-24 12:18:14,LONG,0.595,3.7199999999999998,2.559587192585951,0.5119174385171902,99.9,0.45273195876288486,0xafa151fb44eef7b9584c90c4d82fda74fac15e2798a95ff6a6bf0ee7f25012a9,posted
346,2026-02-24 12:15:11,LONG,0.56,3.4799999999999995,4.300000000000001,0.8600000000000001,74.68354430379748,0.4368128654970749,0xf238997762299246c31992ca7d38ce8c75cc0d15d8f191011ec11bbaa4030c70,posted
345,2026-02-24 12:12:37,SHORT,0.265,4.5600000000000005,-3.5844582472000672,0.7168916494400135,0.1,0.4360882352941165,0xb99bdb0cee13b62b9f155e38b9574dcf898019ac3505fb6f8a323524892e32e7,posted
344,2026-02-24 12:09:54,SHORT,0.365,3.96,-2.761585231480145,0.552317046296029,0.1,0.44677852348993224,0x8d84a85d19e31b85a96925814511d79368dd07fd45aceef4f1f410aba994b28d,posted
343,2026-02-24 12:06:40,LONG,0.58,3.5999999999999996,2.6212277805423168,0.5242455561084634,99.9,0.4277906976744182,0xd91e5c33cd2522cc666bc2a665ae86bd204fdfb10f8518112e9f3af81a68d4d2,posted
342,2026-02-24 12:00:02,LONG,0.525,3.38,4.300000000000001,0.8600000000000001,82.6086956521739,0.21776595744680832,0xddb818d55cda3d497eb0220556af228b957f511410387dea9224ece08ffaf034,posted
341,2026-02-24 11:54:22,SHORT,0.225,0.0,-3.6000000000000005,0.7200000000000001,0.1,0.47323353293413173,,failed
340,2026-02-24 11:54:15,SHORT,0.225,0.0,-3.6000000000000005,0.7200000000000001,0.1,0.47472891566265063,,failed
339,2026-02-24 11:54:08,SHORT,0.225,0.0,-3.6000000000000005,0.7200000000000001,0.1,0.4762424242424243,,failed
338,2026-02-24 11:54:01,SHORT,0.225,0.0,-3.6000000000000005,0.7200000000000001,0.1,0.47777439024390256,,failed
337,2026-02-24 11:53:54,SHORT,0.225,0.0,-3.6000000000000005,0.7200000000000001,0.1,0.47932515337423326,,failed
336,2026-02-24 11:53:37,SHORT,0.225,0.0,-2.7,0.54,0.1,0.48409375000000027,,failed
335,2026-02-24 11:53:30,SHORT,0.225,0.0,-2.7,0.54,0.1,0.4857232704402519,,failed
334,2026-02-24 11:39:26,SHORT,0.37,3.9000000000000004,-3.334018633720091,0.6668037267440182,0.1,0.4895161290322572,0x500f19cdddd0a275beeb651b4eb81b2a8e7a04a952fe7860371346eac6da6d49,posted
333,2026-02-24 11:24:20,LONG,0.655,4.08,3.487095928079926,0.6974191856159851,99.9,0.44950151057401777,0x56068b28b699791e44e876c5b1716e1b94be751688d17db679964d5bffb0fd08,posted
332,2026-02-24 11:15:03,LONG,0.565,3.4799999999999995,4.300000000000001,0.8600000000000001,99.9,0.39285714285714324,0x04e3809503940c0816ece3f23396db41190722ab68b7c208b884c9e51953d992,posted
331,2026-02-24 11:05:10,SHORT,0.405,3.7199999999999998,-3.298241546080094,0.6596483092160188,0.1,0.5531578947368426,0x0ea29320860eb5980568d1bce07800c5f040d2871dd28f7876f6869a0d259004,posted
330,2026-02-24 11:00:04,SHORT,0.525,3.0,-3.7275665977600543,0.7455133195520108,11.111111111111128,0.5692592592592591,0xc64abe3e2d81b604ab76f2928019993901a184eaef304d8a1029d019e1463d3c,posted
329,2026-02-24 10:54:30,LONG,0.595,3.7199999999999998,3.2008792269599526,0.6401758453919906,99.9,0.5283333333333335,0x0c41cf86dbb488cdf2c976223eca5671ca9044c098f871a7cf946c17e13420cf,posted
328,2026-02-24 10:42:27,SHORT,0.205,4.92,-2.810194643585948,0.5620389287171896,0.1,0.45066666666666605,0x23606cd4f0c6118fb98c767d25d91ef08e9ff0c6cad07e9766b4b7762b1688b2,posted
327,2026-02-24 10:41:07,SHORT,0.205,4.92,-3.0835790202401143,0.6167158040480228,0.1,0.45216463414634084,0x7083481a316ffa3b337919202ca4efe120258dfd1b69752daf641e4df51cde89,posted
326,2026-02-24 10:38:08,SHORT,0.375,3.84,-3.012024844960121,0.6024049689920241,0.1,0.4751953124999992,0xc2e1261c1f920b6eabfc398b1047524d609b7e4f369ac0e363a9448ebfc6e445,posted
325,2026-02-24 10:36:41,LONG,0.555,3.4799999999999995,3.22581365520496,0.645162731040992,99.9,0.4654017857142848,0x517e04f645461c7c60682191ce13bd4f665cd80b0879ca3a52c9037e67131dae,posted
324,2026-02-24 10:35:08,LONG,0.555,3.4799999999999995,3.12932505167996,0.625865010335992,99.9,0.4645945945945937,0x95260041c65f53914a1b5f806f0e38dcb02fde3e4cb8237c1463cf256cf62d80,posted
323,2026-02-24 10:27:47,SHORT,0.24,4.68,-3.334018633720091,0.6668037267440182,0.1,0.3705,0x2612eea9d25e5127b65286fcb56f18f65d8e26046e288ef308ece765f8c7d025,posted
322,2026-02-24 09:12:47,SHORT,0.395,0.0,-3.6000000000000005,0.7200000000000001,0.1,0.5375000000000001,,failed
321,2026-02-24 09:12:42,SHORT,0.395,0.0,-3.6000000000000005,0.7200000000000001,0.1,0.5415714285714287,,failed
320,2026-02-24 09:12:38,SHORT,0.395,0.0,-3.6000000000000005,0.7200000000000001,0.1,0.5458823529411766,,failed
319,2026-02-24 09:12:34,SHORT,0.395,0.0,-3.6000000000000005,0.7200000000000001,0.1,0.5504545454545456,,failed
318,2026-02-24 09:12:29,SHORT,0.395,0.0,-3.6000000000000005,0.7200000000000001,0.1,0.5553125000000002,,failed
317,2026-02-24 09:12:25,SHORT,0.395,0.0,-2.7,0.54,42.857142857142854,0.5604838709677422,,failed
316,2026-02-24 09:12:20,SHORT,0.395,0.0,-2.7,0.54,42.857142857142854,0.5660000000000003,,failed
315,2026-02-24 09:12:15,SHORT,0.395,0.0,-3.4000000000000004,0.68,42.857142857142854,0.5718965517241382,,failed
314,2026-02-24 09:12:10,SHORT,0.395,0.0,-3.4000000000000004,0.68,42.857142857142854,0.578214285714286,,failed
313,2026-02-24 08:57:38,LONG,0.755,0.0,3.6000000000000005,0.7200000000000001,99.9,0.5364285714285716,,failed
312,2026-02-24 08:57:34,LONG,0.755,0.0,3.6000000000000005,0.7200000000000001,99.9,0.5255000000000002,,failed
311,2026-02-24 08:57:30,LONG,0.755,0.0,4.300000000000001,0.8600000000000001,99.9,0.5134210526315791,,failed
310,2026-02-24 08:57:25,LONG,0.755,0.0,4.300000000000001,0.8600000000000001,99.9,0.5000000000000001,,failed
309,2026-02-24 08:52:04,LONG,0.525,0.0,2.5258136552049595,0.5051627310409919,99.9,0.4704545454545454,,failed
308,2026-02-24 08:51:56,LONG,0.525,0.0,3.2258136552049597,0.645162731040992,99.9,0.46874999999999994,,failed
307,2026-02-24 08:51:49,LONG,0.525,0.0,3.1293250516799596,0.625865010335992,99.9,0.46693548387096767,,failed
306,2026-02-24 08:49:01,SHORT,0.465,0.0,-3.001221546347226,0.6002443092694452,0.1,0.5155263157894733,,failed
305,2026-02-24 08:48:54,SHORT,0.465,0.0,-2.9690586785055593,0.5938117357011119,0.1,0.516428571428571,,failed
304,2026-02-24 08:48:49,SHORT,0.465,0.0,-3.6690586785055594,0.7338117357011119,0.1,0.5173636363636359,,failed
303,2026-02-24 08:48:42,SHORT,0.465,0.0,-3.701221546347226,0.7402443092694452,0.1,0.5183333333333329,,failed
302,2026-02-24 08:36:13,SHORT,0.475,0.0,-2.5721649484536093,0.5144329896907218,96.42857142857143,0.47500000000000003,,failed
301,2026-02-24 08:36:08,SHORT,0.475,0.0,-2.5721649484536093,0.5144329896907218,96.42857142857143,0.475,,failed
300,2026-02-24 08:36:03,SHORT,0.475,0.0,-2.5006107731736162,0.5001221546347232,96.42857142857143,0.475,,failed
299,2026-02-24 08:35:53,SHORT,0.475,0.0,-3.184529339252783,0.6369058678505566,96.42857142857143,0.475,,failed
298,2026-02-24 06:42:58,SHORT,0.215,0.0,-3.6000000000000005,0.7200000000000001,0.1,0.36636363636363656,,failed
297,2026-02-24 06:42:54,SHORT,0.215,0.0,-3.6000000000000005,0.7200000000000001,0.1,0.3698837209302327,,failed
296,2026-02-24 06:42:49,SHORT,0.215,0.0,-3.6000000000000005,0.7200000000000001,0.1,0.3735714285714287,,failed
295,2026-02-24 06:42:45,SHORT,0.215,0.0,-3.6000000000000005,0.7200000000000001,0.1,0.37743902439024407,,failed
294,2026-02-24 06:42:31,SHORT,0.215,0.0,-2.7,0.54,0.1,0.39026315789473703,,failed
293,2026-02-24 06:42:26,SHORT,0.215,0.0,-2.9762477573201243,0.5952495514640248,0.1,0.3950000000000002,,failed
292,2026-02-24 06:39:26,SHORT,0.4,0.0,-4.080910976997934,0.8161821953995869,0.1,0.4711949685534592,,failed
291,2026-02-24 06:39:21,SHORT,0.4,0.0,-4.121114561800017,0.8242229123600033,0.1,0.4714195583596215,,failed
290,2026-02-24 06:36:55,SHORT,0.425,0.0,-3.6000000000000005,0.7200000000000001,0.1,0.4767192982456129,,failed
289,2026-02-24 06:36:50,SHORT,0.425,0.0,-3.6000000000000005,0.7200000000000001,0.1,0.476901408450703,,failed
288,2026-02-24 06:36:46,SHORT,0.425,0.0,-3.6000000000000005,0.7200000000000001,0.1,0.477084805653709,,failed
287,2026-02-24 06:36:41,SHORT,0.425,0.0,-3.6000000000000005,0.7200000000000001,0.1,0.477269503546098,,failed
286,2026-02-24 06:36:37,SHORT,0.425,0.0,-3.6000000000000005,0.7200000000000001,0.1,0.4774555160142335,,failed
285,2026-02-24 06:36:32,SHORT,0.425,0.0,-3.3137832988800264,0.6627566597760053,0.1,0.47764285714285576,,failed
284,2026-02-24 06:36:28,SHORT,0.425,0.0,-3.2494575631966933,0.6498915126393386,0.1,0.4778315412186366,,failed
283,2026-02-24 06:36:23,SHORT,0.425,0.0,-3.9494575631966935,0.7898915126393387,0.1,0.47802158273381146,,failed
282,2026-02-24 06:36:19,SHORT,0.425,0.0,-4.013783298880027,0.8027566597760053,0.1,0.4782129963898902,,failed
281,2026-02-24 06:35:21,SHORT,0.465,0.0,-3.6000000000000005,0.7200000000000001,0.1,0.4790151515151498,,failed
280,2026-02-24 06:35:17,SHORT,0.465,0.0,-3.6000000000000005,0.7200000000000001,0.1,0.47906844106463703,,failed
279,2026-02-24 06:35:13,SHORT,0.465,0.0,-3.6000000000000005,0.7200000000000001,0.1,0.4791221374045784,,failed
278,2026-02-24 06:35:08,SHORT,0.465,0.0,-3.6000000000000005,0.7200000000000001,0.1,0.47917624521072616,,failed
277,2026-02-24 06:35:04,SHORT,0.465,0.0,-3.6000000000000005,0.7200000000000001,0.1,0.4792307692307674,,failed
276,2026-02-24 06:34:59,SHORT,0.465,0.0,-3.3137832988800264,0.6627566597760053,0.1,0.4792857142857124,,failed
275,2026-02-24 06:34:54,SHORT,0.465,0.0,-3.2494575631966938,0.6498915126393388,0.1,0.47934108527131597,,failed
274,2026-02-24 06:34:49,SHORT,0.465,0.0,-3.949457563196694,0.7898915126393388,0.1,0.47939688715953116,,failed
273,2026-02-24 06:34:44,SHORT,0.465,0.0,-4.013783298880027,0.8027566597760053,0.1,0.4794531249999981,,failed
272,2026-02-24 01:00:23,LONG,0.535,0.0,3.6000000000000005,0.7200000000000001,99.9,0.18699999999999992,,failed
271,2026-02-24 01:00:17,LONG,0.535,0.0,3.6000000000000005,0.7200000000000001,99.9,0.17676470588235285,,failed
270,2026-02-24 01:00:12,LONG,0.535,0.0,4.300000000000001,0.8600000000000001,99.9,0.1659090909090908,,failed
269,2026-02-24 01:00:05,LONG,0.535,0.0,4.300000000000001,0.8600000000000001,99.9,0.1543749999999999,,failed
268,2026-02-24 00:48:53,SHORT,0.34,4.08,-2.941648057387188,0.5883296114774377,0.1,0.5199166666666655,0xa3679a2130146d48e8966e8ebedc2cbe723d3fa791edd5b90d919158fca4c4d3,posted
267,2026-02-24 00:47:24,SHORT,0.34,4.08,-3.190910283160105,0.638182056632021,0.1,0.5214285714285702,0x86f4b4b987b882dc9194e85bfeea79a69e9d4045529332aa9e465f7a24dcf87d,posted
266,2026-02-24 00:42:33,SHORT,0.385,3.84,-4.300000000000001,0.8600000000000001,40.35087719298246,0.5329310344827578,0x173e6de6ab559db92b31a30540666e4d5d11ec2e44556777835bc1364eda9efa,posted
265,2026-02-24 00:41:53,SHORT,0.385,3.84,-3.3697957213600875,0.6739591442720175,40.35087719298246,0.5346511627906969,0xdbff1621c297525e01285132c0349854cc929fc575fc1b5eb8cb1c14bef58ffc,posted
264,2026-02-24 00:40:30,SHORT,0.385,3.84,-3.1607370803892545,0.6321474160778509,40.35087719298246,0.5364117647058816,0x173e65fa7b23ebd73e2c2b12a7c89069979b693cc38fe28590b92372b0c18cfa,posted
263,2026-02-24 00:38:46,SHORT,0.255,4.5600000000000005,-2.7,0.54,22.72727272727272,0.5419512195121944,0xe9f5dee8b04cf6a46bd20f42758b7f764ad4188364a309cc8af0b97484e0d610,posted
262,2026-02-24 00:37:14,SHORT,0.255,4.5600000000000005,-2.7,0.54,22.72727272727272,0.5454938271604931,0x40279cc536501f82cb8c359380b17d682b7f3af163af8851820f90ee796c1460,posted
261,2026-02-24 00:36:42,LONG,0.595,3.7199999999999998,2.7155417527999326,0.5431083505599865,99.9,0.5491249999999992,0x52c734c7ae2bc8ddff3cb490c93355fda82b534a5f5eac7994f78bc6bce4e0eb,posted
260,2026-02-24 00:36:15,LONG,0.595,0.0,2.8763560920082654,0.5752712184016531,99.9,0.5485443037974675,,failed
259,2026-02-24 00:35:39,LONG,0.595,3.7199999999999998,3.5763560920082655,0.7152712184016531,99.9,0.5479487179487171,0x833ee6a66af1540946e9d6d0e44a19850ce4400922a8ffb5f342cc302cca5f78,posted
258,2026-02-24 00:33:55,LONG,0.595,3.7199999999999998,3.4155417527999328,0.6831083505599865,99.9,0.5473376623376616,0xcfba1c987dcbf253c3bec58a75cd039a098d67196cdc0e3ce881810f849280d5,posted
257,2026-02-24 00:30:32,SHORT,0.525,3.03,-3.4000000000000004,0.68,48.148148148148145,0.5604999999999997,0xcabe5c877ae7e2b2dcd53ac9e2996ece781c1744664cd67dda28b2b2396ed085,posted
256,2026-02-24 00:30:18,SHORT,0.525,0.0,-3.4000000000000004,0.68,48.148148148148145,0.561101694915254,,failed
255,2026-02-23 23:55:39,SHORT,0.535,3.18,-4.037093172397521,0.8074186344795041,0.1,0.558867924528301,0x77a0375bc7d019b4f5f8847d9edcab3b32754759a9a057ae249d018e1ecaa770,posted
254,2026-02-23 23:54:01,SHORT,0.535,3.2,-4.085337474160021,0.8170674948320041,0.1,0.5590952380952373,0x53a1e2cbc93009cdff7733b02a334367b85eb4cf7d2f3ddc1f0b98561dab6acd,posted
253,2026-02-23 23:38:36,SHORT,0.475,3.24,-3.6000000000000005,0.7200000000000001,0.1,0.5077272727272729,0xb2984f4a14e0ac706a2a90ec0ff2675295fe29544f97dd22bc015432a6f31be5,posted
252,2026-02-23 23:38:08,SHORT,0.475,3.24,-3.6000000000000005,0.7200000000000001,0.1,0.5087500000000001,0x9305e31cad303da513daa14a4eb57008825536cb81b1c0bad7ff8687df4a0e17,posted
251,2026-02-23 23:37:10,SHORT,0.475,3.24,-3.3137832988800264,0.6627566597760053,0.1,0.5098387096774195,0xb9d03592a72c7dbd2a8284ba138c74a33d8a6338952fa6606a09e7855f251708,posted
250,2026-02-23 23:36:26,SHORT,0.475,3.24,-3.2494575631966933,0.6498915126393386,0.1,0.5110000000000001,0xad4dae7c50c0b39102739430632ad3215b5edf2ee0f7c94a6583f78ff22926d0,posted
249,2026-02-23 23:36:16,SHORT,0.475,0.0,-3.9494575631966935,0.7898915126393387,0.1,0.512241379310345,,failed
248,2026-02-23 23:35:56,SHORT,0.475,0.0,-4.013783298880027,0.8027566597760053,0.1,0.5135714285714287,,failed
247,2026-02-23 23:08:56,LONG,0.565,3.4799999999999995,2.5008792269599525,0.5001758453919904,99.9,0.4998275862068968,0xf72078416327999c5b33934cac907b115919c1493c16f0d4345726388e645d24,posted
246,2026-02-23 23:08:14,LONG,0.565,3.4799999999999995,2.6134492644057854,0.5226898528811571,99.9,0.49868421052631606,0x3b59eed7262df8c050e75307f8bc64ecc1751ea396bf2afd9d79e723986c12ba,posted
245,2026-02-23 23:07:08,LONG,0.565,3.4799999999999995,3.3134492644057856,0.6626898528811571,99.9,0.4975000000000002,0x2ac8b224b483b62a68409d7df49396b881353f5271347fea1ca20f6e1f00da52,posted
244,2026-02-23 23:06:48,LONG,0.565,0.0,3.2008792269599526,0.6401758453919906,99.9,0.4962727272727275,,failed
243,2026-02-23 15:46:09,SHORT,0.435,3.4799999999999995,-4.085337474160021,0.8170674948320041,0.1,0.6712222222222228,0x97f3568f865b4290bd55465e2f02ec84f5fe5711c02cab2c57a755995f1f850c,posted
242,2026-02-23 15:35:08,LONG,0.635,0.0,3.9268985288115723,0.7853797057623144,99.9,0.5125000000000001,,failed
241,2026-02-23 15:12:27,LONG,0.625,3.84,4.102169747213225,0.8204339494426449,99.9,0.4523051948051961,0xc4240e2092f1e3d87de818f046ebaaab8dd9d498517eff2d2a06707227151685,posted
240,2026-02-23 15:12:20,LONG,0.625,0.0,3.844866804479892,0.7689733608959785,99.9,0.4511764705882366,,failed
239,2026-02-22 03:00:06,SHORT,0.425,3.54,-2.7,0.54,0.1,0.5503303964757706,0xa237da1dc69ddb0883b88196d1445b891cde5dd68a4584df9b32b5b6d6871c8c,posted
238,2026-02-22 02:47:52,SHORT,0.42,3.5999999999999996,-3.834897860680044,0.7669795721360088,0.1,0.5256250000000008,0x91f78e86cd4e8c12c07ef8e03b40e9cfa65cca0aa3fe60930d304a88bcda1c0d,posted
237,2026-02-22 02:42:31,LONG,0.665,4.08,4.059529330319872,0.8119058660639744,99.9,0.5324567474048431,0xce22333077d3f0df443d0dd1a42969cd742c3b839b2508ccad53053eec62a38d,posted
236,2026-02-22 02:04:05,SHORT,0.435,3.4799999999999995,-3.842605935154301,0.7685211870308601,0.1,0.47275193798449505,0xbb338f2597a540b49f151e13102801d45f9ce9d08681b3c297c4ca0880fc34e3,posted
235,2026-02-22 01:38:21,LONG,0.665,4.08,4.131083505599865,0.826216701119973,99.9,0.47217171717171835,0x176c16d31ea07d060cd020aa2d87eb009fa46337940d48bc6141f15f00d55946,posted
234,2026-02-22 00:52:52,SHORT,0.415,3.5999999999999996,-3.6560124224800603,0.7312024844960121,0.1,0.5021875000000003,0x285ec02904b492a316be0ead7c58884023e93210dabaa1ad55cec2e8113b9e33,posted
233,2026-02-22 00:39:13,SHORT,0.335,4.08,-3.6000000000000005,0.7200000000000001,0.1,0.44166666666666665,0x9535de20f96f77cfb421c049bb646b9cb2eb08e147792b61e9f6eafdf4b44f8a,posted
232,2026-02-22 00:23:34,SHORT,0.255,4.5600000000000005,-2.7,0.54,0.1,0.5371929824561416,0x503b966832982f444e05f7747a93a09708ef6b41bdd3837d8d0081d54bc450f0,posted
231,2026-02-21 23:50:23,SHORT,0.435,3.4799999999999995,-3.6000000000000005,0.7200000000000001,0.1,0.45499999999999985,0x6070d030022553b8ff085d720c7498eb311841f9175d081e62be8cb3ccc4d898,posted
230,2026-02-21 22:46:38,SHORT,0.365,3.96,-3.512904071920074,0.7025808143840149,0.1,0.4868292682926836,0xab022862c97c236d85ec6ff2400a03b59274dc130b3080f1fb7858f708959fcd,posted
229,2026-02-21 22:12:28,SHORT,0.305,4.32,-3.0835790202401148,0.616715804048023,0.1,0.5028787878787848,0x24353f9c8ea374d800a893a2c3001ef2fdb67a0926928245b376693ad8857801,posted
228,2026-02-21 21:27:38,LONG,0.685,4.199999999999999,4.274191856159852,0.8548383712319705,99.9,0.4796666666666666,0xb08957ef65f57e2898f1b412a61c479fa0cef7814e02200fb4810e37070ab5b0,posted
227,2026-02-21 20:26:48,LONG,0.735,4.5600000000000005,3.6302042786399125,0.7260408557279825,99.9,0.6045783132530111,0x4bc06bb17fe74e454d2d52427e92852c5e30b83623e28f797b408e1ac39910af,posted
226,2026-02-21 16:47:59,SHORT,0.415,3.5999999999999996,-3.727566597760054,0.7455133195520107,0.1,0.4932978723404256,0x759839754efa40d51799f02dbe9749a33785ce483d821de4c05e7c7738168d6a,posted
225,2026-02-21 16:08:15,SHORT,0.245,4.68,-2.7,0.54,0.1,0.4786764705882348,0xd9246968f1448f0161fb3c2b662ff2374ca5a1a715d34282507a429fb029c31e,posted
224,2026-02-21 15:21:14,LONG,0.565,3.4799999999999995,3.5936177206747004,0.7187235441349401,99.9,0.47224137931034477,0xc87d671e9f2e9130920d59ab3f73adcbe202631ac685b63c12c3fcbc786088fb,posted
223,2026-02-21 14:38:16,SHORT,0.145,5.28,-2.8000000000000003,0.56,0.1,0.4713999999999999,0x85732b72841ff9a4fa77e17cc9e724507dda6e3dbf4817a8ea93691fe8cfb1af,posted
222,2026-02-21 14:17:17,SHORT,0.44,3.4799999999999995,-4.197507764050038,0.8395015528100076,0.1,0.48848484848484863,0x2529c142f075d704bc242f033f9280a6e496a98980bfa89e1cff03bfca63bffd,posted
221,2026-02-21 13:54:49,SHORT,0.265,4.5600000000000005,-2.8000000000000003,0.56,0.1,0.4924285714285718,0x8e2cd159f7ef1b6e66c85fa66bf90210294266f910492838fff64e306e0bd6d0,posted
220,2026-02-21 13:07:55,SHORT,0.445,3.4799999999999995,-4.278006211240031,0.8556012422480063,0.1,0.49628526645768334,0xdded694d8c49064a5971fe761f81ce7a59010fd4cb3f2469d28f3fd0920f351a,posted
219,2026-02-21 12:36:38,SHORT,0.415,3.0,-3.996261646075057,0.7992523292150114,0.1,0.4858333333333334,0x8e0cceea8b112fdac9d2e9e7adf75f95fb091e074f0960add57e45170704850f,posted
218,2026-02-21 12:20:30,SHORT,0.395,3.1,-3.795015528100076,0.7590031056200152,0.1,0.4883333333333334,0xfbfe25f11bb7117fcfa7725ea070d907ba7bb376796c730a53d84a4260d274f6,posted
217,2026-02-21 12:08:23,SHORT,0.435,2.9,-3.9560124224800606,0.7912024844960122,0.1,0.515789473684211,0x08c06197810e5de1769d8db301fcfecfe6aec7f36cc962e685c951df201cac63,posted
216,2026-02-21 11:48:58,LONG,0.565,2.9,3.041495341569977,0.6082990683139954,99.9,0.534423076923077,0x1370bb9dc0e96052967efaf440bde4c6dcc1ae9ea5d1d03ad2fa9454dfbe94fb,posted
215,2026-02-21 09:57:41,SHORT,0.355,3.3000000000000003,-2.5,0.5,99.9,0.49183333333333207,0x51344d64c7a81736f99c9aff4e47127d1ed3073f5bfb0a027c8518ebf3e3fe7b,posted
214,2026-02-21 09:22:18,SHORT,0.315,3.5,-3.191277174175133,0.6382554348350266,0.1,0.6192156862745094,0x0aa1121292024a4817f51ead40c214098d54fd907436fc7566f20dfe5af6b38b,posted
213,2026-02-21 08:55:26,SHORT,0.375,3.2,-3.2315263977701285,0.6463052795540257,0.1,0.47680327868852534,0xd9d0d97728981997dba2b6a0dec89646bf0b40a03e927b4c29b18236b912de0c,posted
212,2026-02-21 08:26:24,SHORT,0.235,3.9000000000000004,-4.27800621124003,0.855601242248006,0.1,0.27333333333333343,0xdf30c4656f5edfa3026272f929f10cc71f7ee2d96ac1803e5caeb0841a59d866,posted
211,2026-02-21 06:34:45,SHORT,0.385,0.0,-4.316,0.8632,0.1,0.4994672607516498,,failed
210,2026-02-21 06:34:40,SHORT,0.385,0.0,-4.316,0.8632,0.1,0.4995116279069799,,failed
209,2026-02-21 06:34:31,SHORT,0.385,0.0,-4.316,0.8632,0.1,0.4995560294687895,,failed
208,2026-02-21 06:34:26,SHORT,0.385,0.0,-4.316,0.8632,0.1,0.49960046547711723,,failed
207,2026-02-21 06:34:14,SHORT,0.385,0.0,-4.316,0.8632,0.1,0.4996449359720637,,failed
206,2026-02-21 06:34:02,SHORT,0.385,0.0,-3.6720124224800603,0.7344024844960121,0.1,0.49968944099379203,,failed
205,2026-02-21 06:33:56,SHORT,0.385,0.0,-3.5272795171925604,0.705455903438512,0.1,0.4997339805825275,,failed
204,2026-02-21 06:33:45,SHORT,0.385,0.0,-4.227279517192561,0.8454559034385122,0.1,0.499778554778558,,failed
203,2026-02-21 06:33:39,SHORT,0.385,0.0,-4.3720124224800605,0.8744024844960121,0.1,0.49982316362223406,,failed
202,2026-02-21 06:00:06,SHORT,0.435,3.48,-3.599526397770129,0.7199052795540257,26.08695652173911,0.508549117247626,0x74d4a28b2bc6ad14cb2507ac8c2d603b823f0b1e31c1f9c58ccb118935741c39,posted
201,2026-02-21 05:45:10,SHORT,0.445,3.91,-4.674099396490702,0.9348198792981404,52.38095238095237,0.510278320312505,0x15198f0b257e24d17c769e8d1447143d4e00e0122277566f524e2f54816e31d4,posted
200,2026-02-21 05:45:03,SHORT,0.445,0.0,-4.855015528100076,0.9710031056200152,52.38095238095237,0.5103102100635126,,failed
199,2026-02-21 05:39:17,SHORT,0.435,3.84,-4.485009316860046,0.8970018633720092,0.1,0.5116566566566625,0x035b8732f791e0c19b0be77df4a1d0f8c5ded6983c1d2796d5c3c4fd6ac085fe,posted
198,2026-02-21 05:24:50,SHORT,0.345,3.58,-3.8565232921501136,0.7713046584300227,0.1,0.5154446854663831,0x2bab68c2a3d0e29bd44f039791347a7cc88a20459fb365cb9970fea7dd414bc0,posted
197,2026-02-21 05:10:30,SHORT,0.335,3.59,-3.870923292150114,0.7741846584300228,0.1,0.5195872641509488,0x5fb72145ba978d41529119a426b1f48cb8a931f5f4737c9a7e9fa3866801d1d7,posted
196,2026-02-21 04:57:05,SHORT,0.395,3.79,-4.360812422480061,0.8721624844960122,0.1,0.5240649350649396,0x1fb19393bf6d41fd5db545b3df0c78c17503a8320bba6a72e46d1571bb06e399,posted
195,2026-02-21 04:23:47,SHORT,0.215,4.0,-3.5440000000000005,0.7088000000000001,0.1,0.5395161290322543,0xe6f35ff06fc9bf45f6837370633a3fb6ee6f34b37a43474885c21e4ea7bf9886,posted
194,2026-02-21 03:55:44,SHORT,0.435,3.74,-4.243513975290068,0.8487027950580137,0.1,0.5484120734908116,0x66035b1d91ecc66bcc5ed40f61cb6523f5260176ae58cfd25c5d855bc1e97b2d,posted
193,2026-02-21 03:39:22,LONG,0.825,4.2,4.4064,0.88128,99.9,0.5336007462686554,0xdcfa7cc7d36a9c35e38708519edeb0635701e4c4a60565fd521a9a455438564c,posted
192,2026-02-21 03:39:17,LONG,0.825,0.0,4.176119720204852,0.8352239440409704,99.9,0.5330560747663539,,failed
191,2026-02-21 03:24:45,LONG,0.675,3.61,3.9316736022298717,0.7863347204459743,99.9,0.5031381381381381,0x17a6b547635a4fe80f367aab7cc6e450f0f5cc66c0482dfba957633fe018d2d6,posted
190,2026-02-21 02:44:12,LONG,0.945,4.825,5.8031999999999995,0.99,99.9,0.6276923076923079,0xac03cc4ced1b2ed26d2542af8787b1b6e78c0b107a86213e293c2403df8acf18,posted
189,2026-02-21 02:14:14,LONG,0.605,4.51,5.0,0.99,99.9,0.3677368421052641,0x5d93c86be0ae860e925cdc46422a20889d7c61a9529913fb9a1afc443145e90f,posted
188,2026-02-21 01:23:39,LONG,0.695,4.02,4.520526224699856,0.9041052449399712,99.9,0.38637546468401546,0x20685e2e7c966f1eb2c34f17298d9d81b3e50ed2de39e761e100ec4052e78b3d,posted
187,2026-02-21 00:51:08,LONG,0.775,4.72,5.0,0.99,99.9,0.5814516129032232,0x3e1c53c2846e5a7a1a2e33da833f77e0b6c8743b0b79c7314f46c5682f8416e8,posted
186,2026-02-21 00:37:25,LONG,0.665,4.43,4.341640786499874,0.8683281572999748,99.9,0.48664835164835174,0x7e22b42ba52382422ef8a38516196214f45a8cad066a66e14d6d9ebc7516e9b2,posted
185,2026-02-20 23:38:47,SHORT,0.125,0.0,-4.25,0.85,0.1,0.22714285714285712,,failed
184,2026-02-20 23:38:41,SHORT,0.125,0.0,-4.25,0.85,0.1,0.2296341463414634,,failed
183,2026-02-20 23:38:35,SHORT,0.125,0.0,-4.25,0.85,0.1,0.23224999999999998,,failed
182,2026-02-20 23:38:30,SHORT,0.125,0.0,-4.25,0.85,0.1,0.235,,failed
181,2026-02-20 23:38:25,SHORT,0.125,0.0,-4.25,0.85,0.1,0.23789473684210524,,failed
180,2026-02-20 23:38:13,SHORT,0.125,0.0,-3.575921350486568,0.7151842700973136,0.1,0.24757142857142855,,failed
179,2026-02-20 23:38:09,SHORT,0.125,0.0,-3.8372446517001095,0.7674489303400219,0.1,0.2511764705882353,,failed
178,2026-02-20 23:35:42,SHORT,0.255,0.0,-4.25,0.85,0.1,0.6335116279069745,,failed
177,2026-02-20 23:35:37,SHORT,0.255,0.0,-4.25,0.85,0.1,0.6357251461988281,,failed
176,2026-02-20 23:35:32,SHORT,0.255,0.0,-4.25,0.85,0.1,0.6379647058823507,,failed
175,2026-02-20 23:35:27,SHORT,0.255,0.0,-4.25,0.85,0.1,0.6402307692307669,,failed
174,2026-02-20 23:35:22,SHORT,0.255,0.0,-4.25,0.85,0.1,0.6425238095238073,,failed
173,2026-02-20 23:08:01,LONG,0.895,3.85,5.0,0.99,99.9,0.49710526315789455,0xba4f7b940d7923351b20f308dbbcbe3be43593fc412537fe8fcb5f17578aa4ba,posted
172,2026-02-20 20:07:12,LONG,0.745,3.9000000000000004,4.252198067399882,0.8504396134799764,99.9,0.6570833333333331,0x0f70674d34256b6258b4a48c9f2b5473b6b559b18822bffc54c6d8ecc6f3f936,posted
171,2026-02-20 19:49:59,LONG,0.675,3.15,4.252198067399882,0.8504396134799764,99.9,0.5406000000000001,0x9cfd81ca41b18b89a59ac269b0019eab87a123c40521a1c4cd9200f6e54b2a6a,posted
170,2026-02-20 19:37:52,SHORT,0.38,0.0,-2.953080573050122,0.5906161146100244,0.1,0.49978260869565244,,failed
169,2026-02-20 19:37:46,SHORT,0.38,0.0,-2.661604583235018,0.5323209166470037,0.1,0.505227272727273,,failed
168,2026-02-20 19:37:39,SHORT,0.38,0.0,-3.411604583235018,0.6823209166470037,0.1,0.5111904761904764,,failed
167,2026-02-20 19:37:32,SHORT,0.38,0.0,-3.703080573050122,0.7406161146100244,0.1,0.5177500000000002,,failed
166,2026-02-20 19:29:41,SHORT,0.415,0.0,-4.25,0.85,0.1,0.44644415917843033,,failed
165,2026-02-20 19:29:35,SHORT,0.415,0.0,-4.25,0.85,0.1,0.446484575835472,,failed
164,2026-02-20 19:29:29,SHORT,0.415,0.0,-4.25,0.85,0.1,0.4465250965250929,,failed
163,2026-02-20 19:29:23,SHORT,0.415,0.0,-4.25,0.85,0.1,0.4465657216494809,,failed
162,2026-02-20 19:29:16,SHORT,0.415,0.0,-4.25,0.85,0.1,0.4466064516128996,,failed
161,2026-02-20 19:29:10,SHORT,0.415,0.0,-3.8027864045000417,0.7605572809000083,0.1,0.44664728682170174,,failed
160,2026-02-20 19:29:03,SHORT,0.415,0.0,-3.7022774424948333,0.7404554884989667,0.1,0.44668822768434296,,failed
159,2026-02-20 19:28:58,SHORT,0.415,0.0,-4.452277442494833,0.8904554884989666,0.1,0.4467292746113952,,failed
158,2026-02-20 19:28:52,SHORT,0.415,0.0,-4.552786404500042,0.9105572809000083,0.1,0.44677042801556044,,failed
157,2026-02-20 19:09:28,SHORT,0.39,0.0,-4.25,0.85,0.1,0.42875238095237933,,failed
156,2026-02-20 19:09:23,SHORT,0.39,0.0,-4.25,0.85,0.1,0.428826335877861,,failed
155,2026-02-20 19:09:17,SHORT,0.39,0.0,-4.25,0.85,0.1,0.42890057361376516,,failed
154,2026-02-20 19:09:11,SHORT,0.39,0.0,-4.25,0.85,0.1,0.4289750957854391,,failed
153,2026-02-20 19:09:06,SHORT,0.39,0.0,-4.25,0.85,0.1,0.42904990403070864,,failed
152,2026-02-20 19:08:51,SHORT,0.39,0.0,-3.5211490947360513,0.7042298189472103,0.1,0.4292760617760603,,failed
151,2026-02-20 19:08:45,SHORT,0.39,0.0,-3.7925232921501135,0.7585046584300227,0.1,0.4293520309477742,,failed
150,2026-02-20 18:59:58,SHORT,0.025,0.0,-4.25,0.85,0.1,0.40377475247524575,,failed
149,2026-02-20 18:59:52,SHORT,0.025,0.0,-4.25,0.85,0.1,0.4047146401985094,,failed
148,2026-02-20 18:59:47,SHORT,0.025,0.0,-4.25,0.85,0.1,0.4056592039800977,,failed
147,2026-02-20 18:59:32,SHORT,0.025,0.0,-3.575921350486568,0.7151842700973136,0.1,0.4085213032581435,,failed
146,2026-02-20 18:59:26,SHORT,0.025,0.0,-3.8372446517001095,0.7674489303400219,0.1,0.4094849246231137,,failed
145,2026-02-20 18:57:08,SHORT,0.155,0.0,-4.25,0.85,0.1,0.4298373983739816,,failed
144,2026-02-20 18:57:02,SHORT,0.155,0.0,-4.25,0.85,0.1,0.43058423913043264,,failed
143,2026-02-20 18:56:56,SHORT,0.155,0.0,-4.25,0.85,0.1,0.4313351498637581,,failed
142,2026-02-20 18:56:51,SHORT,0.155,0.0,-4.25,0.85,0.1,0.43209016393442407,,failed
141,2026-02-20 18:56:45,SHORT,0.155,0.0,-4.25,0.85,0.1,0.432849315068491,,failed
140,2026-02-20 18:40:55,SHORT,0.285,0.0,-4.25,0.85,0.1,0.4260869565217391,,failed
139,2026-02-20 18:40:49,SHORT,0.285,0.0,-4.25,0.85,0.1,0.42696875,,failed
138,2026-02-20 18:40:44,SHORT,0.285,0.0,-4.25,0.85,0.1,0.42786163522012577,,failed
137,2026-02-20 18:40:38,SHORT,0.285,0.0,-4.25,0.85,0.1,0.4287658227848102,,failed
136,2026-02-20 18:40:33,SHORT,0.285,0.0,-4.25,0.85,0.1,0.42968152866242043,,failed
135,2026-02-20 18:40:18,SHORT,0.285,0.0,-4.014099396490701,0.8028198792981401,0.1,0.4325000000000001,,failed
134,2026-02-20 18:40:13,SHORT,0.285,0.0,-4.195015528100075,0.8390031056200151,0.1,0.43346405228758184,,failed
133,2026-02-20 18:37:56,SHORT,0.375,0.0,-4.25,0.85,0.1,0.4484552845528458,,failed
132,2026-02-20 18:37:51,SHORT,0.375,0.0,-4.25,0.85,0.1,0.4490573770491806,,failed
131,2026-02-20 18:37:45,SHORT,0.375,0.0,-4.25,0.85,0.1,0.4496694214876036,,failed
130,2026-02-20 18:37:40,SHORT,0.375,0.0,-4.25,0.85,0.1,0.4502916666666669,,failed
129,2026-02-20 18:37:35,SHORT,0.375,0.0,-4.25,0.85,0.1,0.45092436974789946,,failed
128,2026-02-20 18:37:29,SHORT,0.375,0.0,-2.997801932600118,0.5995603865200236,0.1,0.45156779661016977,,failed
127,2026-02-20 18:37:23,SHORT,0.375,0.0,-2.7163768389855347,0.543275367797107,0.1,0.45222222222222247,,failed
126,2026-02-20 18:37:18,SHORT,0.375,0.0,-3.4663768389855347,0.693275367797107,0.1,0.45288793103448305,,failed
125,2026-02-20 18:37:12,SHORT,0.375,0.0,-3.747801932600118,0.7495603865200235,0.1,0.4535652173913046,,failed
124,2026-02-20 18:12:53,SHORT,0.395,0.0,-4.141566265060236,0.8283132530120472,0.1,0.4105555555555554,,failed
123,2026-02-20 18:12:47,SHORT,0.395,0.0,-4.141566265060236,0.8283132530120472,0.1,0.411153846153846,,failed
122,2026-02-20 18:12:40,SHORT,0.395,0.0,-3.962680826860253,0.7925361653720506,0.1,0.41179999999999983,,failed
121,2026-02-20 18:12:33,SHORT,0.395,0.0,-3.9224772420581697,0.784495448411634,0.1,0.41249999999999987,,failed
120,2026-02-20 18:12:26,SHORT,0.395,0.0,-4.67247724205817,0.9344954484116339,0.1,0.4132608695652173,,failed
119,2026-02-20 18:12:20,SHORT,0.395,0.0,-4.712680826860253,0.9425361653720505,0.1,0.414090909090909,,failed
118,2026-02-20 18:07:07,SHORT,0.415,0.0,-4.25,0.85,0.1,0.5738659793814437,,failed
117,2026-02-20 18:07:00,SHORT,0.415,0.0,-4.25,0.85,0.1,0.5755208333333338,,failed
116,2026-02-20 18:06:54,SHORT,0.415,0.0,-4.25,0.85,0.1,0.57721052631579,,failed
115,2026-02-20 18:06:46,SHORT,0.415,0.0,-4.25,0.85,0.1,0.5789361702127664,,failed
114,2026-02-20 18:06:39,SHORT,0.415,0.0,-4.25,0.85,0.1,0.5806989247311832,,failed
113,2026-02-20 18:06:33,SHORT,0.415,0.0,-3.7133436854000506,0.7426687370800101,0.1,0.5825000000000005,,failed
112,2026-02-20 18:06:27,SHORT,0.415,0.0,-3.592732930993801,0.7185465861987602,0.1,0.5843406593406598,,failed
111,2026-02-20 18:06:20,SHORT,0.415,0.0,-4.342732930993801,0.8685465861987602,0.1,0.5862222222222228,,failed
110,2026-02-20 18:06:14,SHORT,0.415,0.0,-4.4633436854000506,0.8926687370800102,0.1,0.5881460674157308,,failed
109,2026-02-20 17:57:59,LONG,0.775,3.9250000000000003,3.770526224699857,0.7541052449399714,99.9,0.6503333333333335,0x9426d2591493baa1b7846af6f5537be33e2a5647f41f5da4ba96c5b85b05a60f,posted
108,2026-02-20 17:54:59,LONG,0.605,0.0,2.8760990336999406,0.5752198067399881,99.9,0.45042635658914654,,failed
107,2026-02-20 17:54:52,LONG,0.605,0.0,3.016811580507232,0.6033623161014464,99.9,0.4492187499999993,,failed
106,2026-02-20 17:54:47,LONG,0.605,0.0,3.766811580507232,0.7533623161014464,99.9,0.44799212598425125,,failed
105,2026-02-20 17:54:41,LONG,0.605,0.0,3.6260990336999406,0.7252198067399881,99.9,0.44674603174603106,,failed
104,2026-02-20 17:41:18,SHORT,0.255,0.0,-4.25,0.85,0.1,0.2910714285714289,,failed
103,2026-02-20 17:41:12,SHORT,0.255,0.0,-4.25,0.85,0.1,0.29172727272727306,,failed
102,2026-02-20 17:41:06,SHORT,0.255,0.0,-4.25,0.85,0.1,0.2924074074074077,,failed
101,2026-02-20 17:41:00,SHORT,0.255,0.0,-4.25,0.85,0.1,0.29311320754717013,,failed
100,2026-02-20 17:40:54,SHORT,0.255,0.0,-4.25,0.85,0.1,0.2938461538461542,,failed
99,2026-02-20 17:40:47,SHORT,0.255,0.0,-4.071114561800017,0.8142229123600033,0.1,0.29460784313725524,,failed
98,2026-02-20 17:40:41,SHORT,0.255,0.0,-4.030910976997934,0.8061821953995867,0.1,0.29540000000000033,,failed
97,2026-02-20 17:40:35,SHORT,0.255,0.0,-4.780910976997934,0.9561821953995867,0.1,0.29622448979591864,,failed
96,2026-02-20 17:40:29,SHORT,0.255,0.0,-4.821114561800017,0.9642229123600033,0.1,0.29708333333333364,,failed
95,2026-02-20 17:38:18,SHORT,0.275,0.0,-4.25,0.85,0.1,0.3264285714285716,,failed
94,2026-02-20 17:38:12,SHORT,0.275,0.0,-4.25,0.85,0.1,0.3290000000000002,,failed
93,2026-02-20 17:38:05,SHORT,0.275,0.0,-4.25,0.85,0.1,0.33184210526315805,,failed
92,2026-02-20 17:37:59,SHORT,0.275,0.0,-4.25,0.85,0.1,0.3350000000000002,,failed
91,2026-02-20 17:37:52,SHORT,0.275,0.0,-4.25,0.85,0.1,0.338529411764706,,failed
90,2026-02-20 17:37:46,SHORT,0.275,0.0,-3.4450155281000763,0.6890031056200152,0.1,0.34250000000000014,,failed
89,2026-02-20 17:37:40,SHORT,0.275,0.0,-3.2640993964907015,0.6528198792981403,0.1,0.34700000000000014,,failed
88,2026-02-20 17:35:22,SHORT,0.365,0.0,-4.25,0.85,0.1,0.4539552238805962,,failed
87,2026-02-20 17:35:16,SHORT,0.365,0.0,-4.25,0.85,0.1,0.4553030303030295,,failed
86,2026-02-20 17:35:09,SHORT,0.365,0.0,-4.25,0.85,0.1,0.4566923076923069,,failed
85,2026-02-20 17:35:03,SHORT,0.365,0.0,-4.25,0.85,0.1,0.4581249999999992,,failed
84,2026-02-20 17:34:57,SHORT,0.365,0.0,-4.25,0.85,0.1,0.45960317460317385,,failed
83,2026-02-20 17:34:52,SHORT,0.365,0.0,-3.4450155281000754,0.6890031056200151,0.1,0.4611290322580638,,failed
82,2026-02-20 17:34:45,SHORT,0.365,0.0,-3.2640993964907006,0.6528198792981401,0.1,0.4627049180327861,,failed
81,2026-02-20 17:34:38,SHORT,0.365,0.0,-4.014099396490701,0.8028198792981401,0.1,0.4643333333333326,,failed
80,2026-02-20 17:34:31,SHORT,0.365,0.0,-4.195015528100075,0.8390031056200151,0.1,0.46601694915254166,,failed
79,2026-02-20 17:22:24,SHORT,0.36,0.0,-4.25,0.85,0.1,0.5017968750000003,,failed
78,2026-02-20 17:22:18,SHORT,0.36,0.0,-4.25,0.85,0.1,0.5040476190476193,,failed
77,2026-02-20 17:22:11,SHORT,0.36,0.0,-4.25,0.85,0.1,0.5063709677419358,,failed
76,2026-02-20 17:22:05,SHORT,0.36,0.0,-4.25,0.85,0.1,0.5087704918032789,,failed
75,2026-02-20 17:21:59,SHORT,0.36,0.0,-4.25,0.85,0.1,0.5112500000000003,,failed
74,2026-02-20 17:21:43,SHORT,0.36,0.0,-3.0,0.6,0.1,0.5192105263157898,,failed
73,2026-02-20 17:21:37,SHORT,0.36,0.0,-3.166424258450173,0.6332848516900346,0.1,0.5220535714285718,,failed
72,2026-02-20 17:18:55,LONG,0.565,0.0,3.233869910099907,0.6467739820199814,99.9,0.4733333333333332,,failed
71,2026-02-20 17:18:49,LONG,0.565,0.0,3.454989626511365,0.690997925302273,99.9,0.46934782608695647,,failed
70,2026-02-20 17:18:42,LONG,0.565,0.0,4.204989626511365,0.840997925302273,99.9,0.4649999999999999,,failed
69,2026-02-20 17:18:35,LONG,0.565,0.0,3.983869910099907,0.7967739820199814,99.9,0.4602380952380952,,failed
68,2026-02-20 17:13:15,LONG,0.705,4.275,5.0,0.99,99.9,0.48141509433962326,0xc9797f4f5b2ac7aa62898ee2ac83f1a0b28d6e5aaa93cceeb99735e2daf32ff5,posted
67,2026-02-20 16:54:59,LONG,0.855,4.525,4.38636214604987,0.8772724292099741,99.9,0.7045370370370371,0x7874eb8c862672b1d1c38dcf14879b42b35ab5e6826eb30f1f72daae78e4e6a6,posted
66,2026-02-20 16:49:07,LONG,0.705,0.0,4.1282971010998235,0.8256594202199647,99.9,0.3876760563380282,,failed
65,2026-02-20 16:49:02,LONG,0.705,0.0,4.25,0.85,99.9,0.3831428571428572,,failed
64,2026-02-20 16:48:57,LONG,0.705,0.0,5.0,0.99,99.9,0.3784782608695653,,failed
63,2026-02-20 16:48:52,LONG,0.705,0.0,4.8782971010998235,0.9756594202199647,99.9,0.3736764705882354,,failed
62,2026-02-20 16:23:50,LONG,0.745,0.0,4.25,0.85,99.9,0.5532758620689652,,failed
61,2026-02-20 16:23:44,LONG,0.745,0.0,4.25,0.85,99.9,0.5526124567474044,,failed
60,2026-02-20 16:23:39,LONG,0.745,0.0,5.0,0.99,99.9,0.5519444444444441,,failed
59,2026-02-20 16:23:34,LONG,0.745,0.0,5.0,0.99,99.9,0.551271777003484,,failed
58,2026-02-20 16:12:15,LONG,0.645,0.0,3.6572670690062,0.73145341380124,99.9,0.5638311688311681,,failed
57,2026-02-20 16:12:10,LONG,0.645,0.0,3.53665631459995,0.7073312629199899,99.9,0.5633006535947706,,failed
56,2026-02-20 16:06:22,LONG,0.585,0.0,2.8313776741499446,0.5662755348299889,99.9,0.5501546391752588,,failed
55,2026-02-20 16:06:17,LONG,0.585,0.0,2.9620393247567156,0.5924078649513431,99.9,0.5497916666666677,,failed
54,2026-02-20 16:06:12,LONG,0.585,0.0,3.7120393247567156,0.7424078649513431,99.9,0.54942105263158,,failed
53,2026-02-20 16:06:07,LONG,0.585,0.0,3.5813776741499446,0.716275534829989,99.9,0.5490425531914904,,failed
52,2026-02-20 15:42:30,SHORT,0.215,4.0,-3.0322601798001854,0.606452035960037,0.1,0.43190140845070374,0x29a7f7a5f314361d52ca79c335c7de6457ebcb32dae4eb802f286cbd3d8f0ac7,posted
51,2026-02-20 15:36:28,SHORT,0.435,2.8249999999999997,-4.642229123600034,0.9284458247200067,0.1,0.6356206896551699,0xef9501ca8d6dfe5ffd566179dd55eba8c2d6dfd1635dfc1d193b78a6c80ed8ee,posted
50,2026-02-20 15:27:06,LONG,0.845,4.225,3.6260990336999406,0.7252198067399881,99.9,0.7771212121212118,0x047291d32168b69528843a4b7b6d2d13f7b66c88b10874ec71d8318dfb17d315,posted
49,2026-02-20 15:24:16,LONG,0.775,0.0,4.038854381999832,0.8077708763999665,99.9,0.5328181818181829,,failed
48,2026-02-20 15:24:11,LONG,0.775,0.0,4.25,0.85,99.9,0.5305963302752305,,failed
47,2026-02-20 15:24:06,LONG,0.775,0.0,5.0,0.99,99.9,0.5283333333333344,,failed
46,2026-02-20 15:24:01,LONG,0.775,0.0,4.788854381999832,0.9577708763999665,99.9,0.5260280373831787,,failed
45,2026-02-20 15:21:16,LONG,0.575,0.0,2.965541752799932,0.5931083505599865,99.9,0.49944444444444475,,failed
44,2026-02-20 15:21:11,LONG,0.575,0.0,3.1263560920082654,0.6252712184016531,99.9,0.4983802816901411,,failed
43,2026-02-20 15:21:05,LONG,0.575,0.0,3.8763560920082654,0.775271218401653,99.9,0.4972857142857145,,failed
42,2026-02-20 15:21:00,LONG,0.575,0.0,3.715541752799932,0.7431083505599865,99.9,0.49615942028985527,,failed
41,2026-02-20 15:13:18,SHORT,0.135,0.0,-4.25,0.85,0.1,0.488728813559321,,failed
40,2026-02-20 15:13:13,SHORT,0.135,0.0,-4.25,0.85,0.1,0.49073863636363535,,failed
39,2026-02-20 15:13:08,SHORT,0.135,0.0,-4.25,0.85,0.1,0.4927714285714275,,failed
38,2026-02-20 15:13:03,SHORT,0.135,0.0,-4.25,0.85,0.1,0.49482758620689543,,failed
37,2026-02-20 15:12:58,SHORT,0.135,0.0,-4.25,0.85,0.1,0.4969075144508659,,failed
36,2026-02-20 14:52:51,LONG,0.825,0.0,4.25,0.85,99.9,0.4471212121212118,,failed
35,2026-02-20 14:52:46,LONG,0.825,0.0,4.25,0.85,99.9,0.4353124999999997,,failed
34,2026-02-20 14:52:41,LONG,0.825,0.0,5.0,0.99,99.9,0.4227419354838707,,failed
33,2026-02-20 14:52:37,LONG,0.825,0.0,5.0,0.99,99.9,0.40933333333333305,,failed
32,2026-02-20 14:34:15,LONG,0.715,0.0,4.217739820199815,0.8435479640399629,99.9,0.49523255813953465,,failed
31,2026-02-20 14:34:09,LONG,0.715,0.0,4.25,0.85,99.9,0.49264705882352916,,failed
30,2026-02-20 14:34:04,LONG,0.715,0.0,5.0,0.99,99.9,0.4899999999999997,,failed
29,2026-02-20 14:33:59,LONG,0.715,0.0,4.967739820199815,0.99,99.9,0.4872891566265057,,failed
28,2026-02-20 14:30:01,SHORT,0.055,0.0,-3.0,0.6,0.1,0.4715624999999998,,failed
27,2026-02-20 14:21:37,SHORT,0.365,0.0,-4.25,0.85,0.1,0.4722950819672141,,failed
26,2026-02-20 14:21:32,SHORT,0.365,0.0,-4.25,0.85,0.1,0.47318181818181915,,failed
25,2026-02-20 14:21:28,SHORT,0.365,0.0,-4.25,0.85,0.1,0.4740833333333343,,failed
24,2026-02-20 14:21:23,SHORT,0.365,0.0,-4.25,0.85,0.1,0.4750000000000009,,failed
23,2026-02-20 14:21:18,SHORT,0.365,0.0,-4.25,0.85,0.1,0.47593220338983144,,failed
22,2026-02-20 14:21:13,SHORT,0.365,0.0,-3.266130089900093,0.6532260179800187,0.1,0.4768803418803428,,failed
21,2026-02-20 14:21:08,SHORT,0.365,0.0,-3.0450103734886347,0.6090020746977269,0.1,0.47784482758620783,,failed
20,2026-02-20 14:21:04,SHORT,0.365,0.0,-3.7950103734886347,0.759002074697727,0.1,0.4788260869565226,,failed
19,2026-02-20 14:20:59,SHORT,0.365,0.0,-4.016130089900093,0.8032260179800186,0.1,0.47982456140350965,,failed
18,2026-02-20 14:09:54,SHORT,0.395,0.0,-3.4450155281000763,0.6890031056200152,0.1,0.4729999999999998,,failed
17,2026-02-20 14:09:49,SHORT,0.395,0.0,-3.2640993964907015,0.6528198792981403,0.1,0.47568965517241363,,failed
16,2026-02-20 14:09:44,SHORT,0.395,0.0,-4.0140993964907015,0.8028198792981402,0.1,0.47857142857142837,,failed
15,2026-02-20 14:09:40,SHORT,0.395,0.0,-4.195015528100076,0.8390031056200152,0.1,0.4816666666666665,,failed
14,2026-02-20 11:25:47,LONG,0.565,0.0,4.25,0.85,99.9,0.365,,failed
13,2026-02-20 11:25:43,LONG,0.565,0.0,4.25,0.85,99.9,0.35630434782608694,,failed
12,2026-02-20 11:25:39,LONG,0.565,0.0,5.0,0.99,99.9,0.34681818181818186,,failed
11,2026-02-20 11:25:35,LONG,0.565,0.0,5.0,0.99,99.9,0.33642857142857147,,failed
10,2026-02-20 11:08:07,LONG,0.735,0.0,4.341640786499874,0.8683281572999748,99.9,0.5123076923076921,,failed
9,2026-02-20 11:05:07,LONG,0.585,0.0,3.8944271909999157,0.7788854381999831,99.9,0.46933734939759,,failed
8,2026-02-20 04:04:59,SHORT,0.39,0.0,-4.15029416855008,0.8300588337100161,0.1,0.48932727272727594,,failed
7,2026-02-20 03:57:05,LONG,0.615,0.0,5.0,0.99,99.9,0.4834284232365166,,failed
6,2026-02-20 03:54:05,SHORT,0.345,0.0,-3.3900310562001508,0.6780062112400301,0.1,0.4908652792990149,,failed
5,2026-02-20 03:43:42,SHORT,0.195,0.0,-3.4347524157501477,0.6869504831500295,0.1,0.49544398907104154,,failed
4,2026-02-20 03:40:46,SHORT,0.37,0.0,-3.8372446517001095,0.7674489303400219,0.1,0.5050954478707815,,failed
3,2026-02-20 03:27:33,LONG,0.775,0.0,3.8944271909999157,0.7788854381999831,99.9,0.4844235033259448,,failed
2,2026-02-20 03:24:33,LONG,0.675,0.0,4.341640786499874,0.8683281572999748,99.9,0.4598750000000013,,failed
1,2026-02-20 03:10:07,SHORT,0.375,0.0,-4.195015528100075,0.8390031056200151,0.1,0.46439189189189367,,failed
